1,1906,SEATTLE,NA,177185.8668
2,1906,SEATTLE,NA,177824.3453
3,1906,SEATTLE,NA,178462.1973
4,1906,SEATTLE,NA,179099.4061
5,1906,SEATTLE,NA,179735.9551
6,1906,SEATTLE,NA,180371.8275
7,1906,SEATTLE,NA,181007.0067
8,1906,SEATTLE,NA,181641.4759
9,1906,SEATTLE,NA,182275.2186
10,1906,SEATTLE,NA,182908.2179
11,1906,SEATTLE,NA,183540.4573
12,1906,SEATTLE,NA,184171.9201
13,1906,SEATTLE,NA,184802.5895
14,1906,SEATTLE,NA,185432.4488
15,1906,SEATTLE,NA,186061.4815
16,1906,SEATTLE,NA,186689.6708
17,1906,SEATTLE,NA,187317.0001
18,1906,SEATTLE,NA,187943.4525
19,1906,SEATTLE,NA,188569.0116
20,1906,SEATTLE,NA,189193.6605
21,1906,SEATTLE,NA,189817.3826
22,1906,SEATTLE,NA,190440.1613
23,1906,SEATTLE,NA,191061.9797
24,1906,SEATTLE,NA,191682.8214
25,1906,SEATTLE,NA,192302.6694
26,1906,SEATTLE,NA,192921.5073
1,1907,SEATTLE,NA,193539.3183
2,1907,SEATTLE,NA,194156.0857
3,1907,SEATTLE,NA,194771.7928
4,1907,SEATTLE,NA,195386.423
5,1907,SEATTLE,NA,195999.9595
6,1907,SEATTLE,26,196612.3857
7,1907,SEATTLE,NA,197223.6849
8,1907,SEATTLE,NA,197833.8405
9,1907,SEATTLE,NA,198442.8356
10,1907,SEATTLE,NA,199050.6537
11,1907,SEATTLE,NA,199657.2781
12,1907,SEATTLE,NA,200262.6921
13,1907,SEATTLE,NA,200866.879
14,1907,SEATTLE,NA,201469.8221
15,1907,SEATTLE,NA,202071.5047
16,1907,SEATTLE,NA,202671.9102
17,1907,SEATTLE,NA,203271.0218
18,1907,SEATTLE,NA,203868.8229
19,1907,SEATTLE,NA,204465.2969
20,1907,SEATTLE,NA,205060.4269
21,1907,SEATTLE,NA,205654.1964
22,1907,SEATTLE,NA,206246.5886
23,1907,SEATTLE,NA,206837.5869
24,1907,SEATTLE,NA,207427.1746
25,1907,SEATTLE,NA,208015.335
26,1907,SEATTLE,NA,208602.0514
1,1908,SEATTLE,NA,209187.3072
2,1908,SEATTLE,NA,209771.0856
3,1908,SEATTLE,NA,210353.3699
4,1908,SEATTLE,NA,210934.1436
5,1908,SEATTLE,NA,211513.3898
6,1908,SEATTLE,NA,212091.092
7,1908,SEATTLE,NA,212667.2334
8,1908,SEATTLE,NA,213241.7974
9,1908,SEATTLE,NA,213814.7672
10,1908,SEATTLE,NA,214386.1262
11,1908,SEATTLE,NA,214955.8578
12,1908,SEATTLE,NA,215523.9451
13,1908,SEATTLE,NA,216090.3716
14,1908,SEATTLE,NA,216655.1205
15,1908,SEATTLE,NA,217218.1752
16,1908,SEATTLE,NA,217779.519
17,1908,SEATTLE,NA,218339.1352
18,1908,SEATTLE,NA,218897.0071
19,1908,SEATTLE,NA,219453.1181
20,1908,SEATTLE,NA,220007.4514
21,1908,SEATTLE,NA,220559.9904
22,1908,SEATTLE,NA,221110.7184
23,1908,SEATTLE,NA,221659.6186
24,1908,SEATTLE,NA,222206.6745
25,1908,SEATTLE,NA,222751.8694
26,1908,SEATTLE,NA,223295.1865
1,1909,SEATTLE,NA,223836.6091
2,1909,SEATTLE,NA,224376.1207
3,1909,SEATTLE,NA,224913.7045
4,1909,SEATTLE,NA,225449.3437
5,1909,SEATTLE,NA,225983.0219
6,1909,SEATTLE,NA,226514.7221
7,1909,SEATTLE,NA,227044.4279
8,1909,SEATTLE,NA,227572.1224
9,1909,SEATTLE,NA,228097.7891
10,1909,SEATTLE,NA,228621.4111
11,1909,SEATTLE,NA,229142.9719
12,1909,SEATTLE,NA,229662.4548
13,1909,SEATTLE,NA,230179.843
14,1909,SEATTLE,NA,230695.12
15,1909,SEATTLE,NA,231208.2689
16,1909,SEATTLE,NA,231719.2732
17,1909,SEATTLE,NA,232228.1161
18,1909,SEATTLE,NA,232734.7809
19,1909,SEATTLE,NA,233239.2511
20,1909,SEATTLE,NA,233741.5098
21,1909,SEATTLE,NA,234241.5404
22,1909,SEATTLE,14,234739.3263
23,1909,SEATTLE,10,235234.8507
24,1909,SEATTLE,10,235728.0969
25,1909,SEATTLE,21,236219.0484
26,1909,SEATTLE,19,236707.6883
1,1910,SEATTLE,7,237194
2,1910,SEATTLE,23,237677.9714
3,1910,SEATTLE,58,238159.6086
4,1910,SEATTLE,75,238638.9223
5,1910,SEATTLE,35,239115.923
6,1910,SEATTLE,52,239590.6216
7,1910,SEATTLE,48,240063.0286
8,1910,SEATTLE,63,240533.1547
9,1910,SEATTLE,82,241001.0106
10,1910,SEATTLE,110,241466.6069
11,1910,SEATTLE,69,241929.9543
12,1910,SEATTLE,50,242391.0635
13,1910,SEATTLE,28,242849.9451
14,1910,SEATTLE,42,243306.6097
15,1910,SEATTLE,NA,243761.0682
16,1910,SEATTLE,8,244213.3311
17,1910,SEATTLE,18,244663.409
18,1910,SEATTLE,9,245111.3127
19,1910,SEATTLE,8,245557.0528
20,1910,SEATTLE,NA,246000.64
21,1910,SEATTLE,NA,246442.0849
22,1910,SEATTLE,NA,246881.3982
23,1910,SEATTLE,NA,247318.5906
24,1910,SEATTLE,NA,247753.6727
25,1910,SEATTLE,NA,248186.6552
26,1910,SEATTLE,102,248617.5487
1,1911,SEATTLE,189,249046.364
2,1911,SEATTLE,168,249473.1117
3,1911,SEATTLE,140,249897.8024
4,1911,SEATTLE,174,250320.4468
5,1911,SEATTLE,214,250741.0556
6,1911,SEATTLE,202,251159.6394
7,1911,SEATTLE,167,251576.209
8,1911,SEATTLE,181,251990.7749
9,1911,SEATTLE,218,252403.3478
10,1911,SEATTLE,223,252813.9385
11,1911,SEATTLE,184,253222.5574
12,1911,SEATTLE,94,253629.2155
13,1911,SEATTLE,32,254033.9232
14,1911,SEATTLE,29,254436.6912
15,1911,SEATTLE,NA,254837.5303
16,1911,SEATTLE,NA,255236.451
17,1911,SEATTLE,2,255633.4641
18,1911,SEATTLE,4,256028.5802
19,1911,SEATTLE,2,256421.8099
20,1911,SEATTLE,3,256813.164
21,1911,SEATTLE,NA,257202.6531
22,1911,SEATTLE,4,257590.2878
23,1911,SEATTLE,NA,257976.0789
24,1911,SEATTLE,9,258360.0369
25,1911,SEATTLE,NA,258742.1726
26,1911,SEATTLE,6,259122.4967
1,1912,SEATTLE,NA,259501.0196
2,1912,SEATTLE,10,259877.7523
3,1912,SEATTLE,16,260252.7052
4,1912,SEATTLE,13,260625.8892
5,1912,SEATTLE,11,260997.3147
6,1912,SEATTLE,22,261366.9926
7,1912,SEATTLE,22,261734.9334
8,1912,SEATTLE,35,262101.1478
9,1912,SEATTLE,NA,262465.6465
10,1912,SEATTLE,42,262828.4402
11,1912,SEATTLE,29,263189.5395
12,1912,SEATTLE,NA,263548.9551
13,1912,SEATTLE,6,263906.6976
14,1912,SEATTLE,NA,264262.7777
15,1912,SEATTLE,21,264617.2061
16,1912,SEATTLE,NA,264969.9935
17,1912,SEATTLE,NA,265321.1504
18,1912,SEATTLE,NA,265670.6876
19,1912,SEATTLE,4,266018.6158
20,1912,SEATTLE,NA,266364.9455
21,1912,SEATTLE,6,266709.6875
22,1912,SEATTLE,NA,267052.8524
23,1912,SEATTLE,8,267394.4508
24,1912,SEATTLE,38,267734.4936
25,1912,SEATTLE,50,268072.9912
26,1912,SEATTLE,NA,268409.9544
1,1913,SEATTLE,NA,268745.3939
2,1913,SEATTLE,NA,269079.3202
3,1913,SEATTLE,NA,269411.7441
4,1913,SEATTLE,NA,269742.6763
5,1913,SEATTLE,NA,270072.1273
6,1913,SEATTLE,314,270400.1079
7,1913,SEATTLE,NA,270726.6287
8,1913,SEATTLE,NA,271051.7004
9,1913,SEATTLE,NA,271375.3337
10,1913,SEATTLE,128,271697.5391
11,1913,SEATTLE,62,272018.3275
12,1913,SEATTLE,60,272337.7093
13,1913,SEATTLE,28,272655.6954
14,1913,SEATTLE,NA,272972.2964
15,1913,SEATTLE,6,273287.5228
16,1913,SEATTLE,5,273601.3855
17,1913,SEATTLE,NA,273913.895
18,1913,SEATTLE,NA,274225.0621
19,1913,SEATTLE,NA,274534.8973
20,1913,SEATTLE,NA,274843.4114
21,1913,SEATTLE,NA,275150.615
22,1913,SEATTLE,2,275456.5188
23,1913,SEATTLE,NA,275761.1334
24,1913,SEATTLE,2,276064.4696
25,1913,SEATTLE,NA,276366.5379
26,1913,SEATTLE,4,276667.349
1,1914,SEATTLE,NA,276966.9136
2,1914,SEATTLE,NA,277265.2424
3,1914,SEATTLE,NA,277562.346
4,1914,SEATTLE,NA,277858.2351
5,1914,SEATTLE,11,278152.9204
6,1914,SEATTLE,14,278446.4125
7,1914,SEATTLE,18,278738.722
8,1914,SEATTLE,12,279029.8597
9,1914,SEATTLE,NA,279319.8362
10,1914,SEATTLE,46,279608.6622
11,1914,SEATTLE,32,279896.3483
12,1914,SEATTLE,28,280182.9052
13,1914,SEATTLE,30,280468.3435
14,1914,SEATTLE,15,280752.674
15,1914,SEATTLE,NA,281035.9073
16,1914,SEATTLE,2,281318.0541
17,1914,SEATTLE,4,281599.1249
18,1914,SEATTLE,4,281879.1305
19,1914,SEATTLE,NA,282158.0816
20,1914,SEATTLE,5,282435.9888
21,1914,SEATTLE,4,282712.8628
22,1914,SEATTLE,4,282988.7142
23,1914,SEATTLE,2,283263.5537
24,1914,SEATTLE,2,283537.3919
25,1914,SEATTLE,NA,283810.2396
26,1914,SEATTLE,4,284082.1074
1,1915,SEATTLE,NA,284353.006
2,1915,SEATTLE,5,284622.9459
3,1915,SEATTLE,6,284891.938
4,1915,SEATTLE,6,285159.9927
5,1915,SEATTLE,6,285427.1209
6,1915,SEATTLE,NA,285693.3332
7,1915,SEATTLE,6,285958.6402
8,1915,SEATTLE,NA,286223.0526
9,1915,SEATTLE,42,286486.5811
10,1915,SEATTLE,26,286749.2363
11,1915,SEATTLE,28,287011.0289
12,1915,SEATTLE,40,287271.9696
13,1915,SEATTLE,NA,287532.069
14,1915,SEATTLE,32,287791.3378
15,1915,SEATTLE,10,288049.7866
16,1915,SEATTLE,8,288307.4261
17,1915,SEATTLE,NA,288564.267
18,1915,SEATTLE,4,288820.3199
19,1915,SEATTLE,NA,289075.5956
20,1915,SEATTLE,4,289330.1046
21,1915,SEATTLE,NA,289583.8577
22,1915,SEATTLE,2,289836.8654
23,1915,SEATTLE,2,290089.1385
24,1915,SEATTLE,4,290340.6876
25,1915,SEATTLE,4,290591.5235
26,1915,SEATTLE,8,290841.6566
1,1916,SEATTLE,12,291091.0978
2,1916,SEATTLE,24,291339.8577
3,1916,SEATTLE,12,291587.9469
4,1916,SEATTLE,50,291835.3761
5,1916,SEATTLE,117,292082.1559
6,1916,SEATTLE,190,292328.2971
7,1916,SEATTLE,NA,292573.8104
8,1916,SEATTLE,602,292818.7062
9,1916,SEATTLE,NA,293062.9954
10,1916,SEATTLE,NA,293306.6886
11,1916,SEATTLE,990,293549.7964
12,1916,SEATTLE,582,293792.3296
13,1916,SEATTLE,523,294034.2987
14,1916,SEATTLE,NA,294275.7145
15,1916,SEATTLE,32,294516.5876
16,1916,SEATTLE,29,294756.9286
17,1916,SEATTLE,18,294996.7483
18,1916,SEATTLE,NA,295236.0573
19,1916,SEATTLE,2,295474.8662
20,1916,SEATTLE,8,295713.1858
21,1916,SEATTLE,15,295951.0267
22,1916,SEATTLE,6,296188.3995
23,1916,SEATTLE,20,296425.3149
24,1916,SEATTLE,58,296661.7837
25,1916,SEATTLE,54,296897.8163
26,1916,SEATTLE,94,297133.4236
1,1917,SEATTLE,NA,297368.6161
2,1917,SEATTLE,292,297603.4046
3,1917,SEATTLE,386,297837.7997
4,1917,SEATTLE,336,298071.8121
5,1917,SEATTLE,319,298305.4524
6,1917,SEATTLE,298,298538.7312
7,1917,SEATTLE,278,298771.6594
8,1917,SEATTLE,290,299004.2474
9,1917,SEATTLE,250,299236.506
10,1917,SEATTLE,108,299468.4459
11,1917,SEATTLE,66,299700.0777
12,1917,SEATTLE,36,299931.4121
13,1917,SEATTLE,66,300162.4597
14,1917,SEATTLE,14,300393.2312
15,1917,SEATTLE,13,300623.7373
16,1917,SEATTLE,9,300853.9886
17,1917,SEATTLE,4,301083.9958
18,1917,SEATTLE,NA,301313.7695
19,1917,SEATTLE,6,301543.3205
20,1917,SEATTLE,6,301772.6594
21,1917,SEATTLE,10,302001.7968
22,1917,SEATTLE,8,302230.7434
23,1917,SEATTLE,12,302459.5099
24,1917,SEATTLE,20,302688.107
25,1917,SEATTLE,77,302916.5452
26,1917,SEATTLE,122,303144.8353
1,1918,SEATTLE,175,303372.988
2,1918,SEATTLE,252,303601.0138
3,1918,SEATTLE,437,303828.9235
4,1918,SEATTLE,290,304056.7278
5,1918,SEATTLE,139,304284.4372
6,1918,SEATTLE,126,304512.0624
7,1918,SEATTLE,113,304739.6142
8,1918,SEATTLE,123,304967.1032
9,1918,SEATTLE,136,305194.54
10,1918,SEATTLE,120,305421.9353
11,1918,SEATTLE,76,305649.2998
12,1918,SEATTLE,95,305876.6441
13,1918,SEATTLE,74,306103.9789
14,1918,SEATTLE,30,306331.3149
15,1918,SEATTLE,21,306558.6627
16,1918,SEATTLE,10,306786.033
17,1918,SEATTLE,4,307013.4364
18,1918,SEATTLE,11,307240.8837
19,1918,SEATTLE,10,307468.3854
20,1918,SEATTLE,10,307695.9523
21,1918,SEATTLE,5,307923.595
22,1918,SEATTLE,NA,308151.3241
23,1918,SEATTLE,2,308379.1504
24,1918,SEATTLE,NA,308607.0845
25,1918,SEATTLE,NA,308835.1371
26,1918,SEATTLE,NA,309063.3188
1,1919,SEATTLE,6,309291.6403
2,1919,SEATTLE,21,309520.1122
3,1919,SEATTLE,19,309748.7453
4,1919,SEATTLE,25,309977.5501
5,1919,SEATTLE,33,310206.5374
6,1919,SEATTLE,41,310435.7178
7,1919,SEATTLE,40,310665.1019
8,1919,SEATTLE,61,310894.7005
9,1919,SEATTLE,78,311124.5242
10,1919,SEATTLE,84,311354.5837
11,1919,SEATTLE,38,311584.8896
12,1919,SEATTLE,14,311815.4526
13,1919,SEATTLE,14,312046.2833
14,1919,SEATTLE,16,312277.3925
15,1919,SEATTLE,15,312508.7908
16,1919,SEATTLE,4,312740.4888
17,1919,SEATTLE,NA,312972.4972
18,1919,SEATTLE,NA,313204.8267
19,1919,SEATTLE,26,313437.4879
20,1919,SEATTLE,8,313670.4915
21,1919,SEATTLE,6,313903.8482
22,1919,SEATTLE,12,314137.5687
23,1919,SEATTLE,29,314371.6635
24,1919,SEATTLE,72,314606.1434
25,1919,SEATTLE,66,314841.019
26,1919,SEATTLE,113,315076.301
1,1920,SEATTLE,382,315312
2,1920,SEATTLE,388,315548.1235
3,1920,SEATTLE,NA,315784.666
4,1920,SEATTLE,262,316021.6189
5,1920,SEATTLE,202,316258.9733
6,1920,SEATTLE,197,316496.7205
7,1920,SEATTLE,247,316734.8519
8,1920,SEATTLE,169,316973.3587
9,1920,SEATTLE,128,317212.2323
10,1920,SEATTLE,157,317451.4639
11,1920,SEATTLE,119,317691.0448
12,1920,SEATTLE,78,317930.9662
13,1920,SEATTLE,41,318171.2195
14,1920,SEATTLE,21,318411.796
15,1920,SEATTLE,10,318652.687
16,1920,SEATTLE,3,318893.8836
17,1920,SEATTLE,NA,319135.3773
18,1920,SEATTLE,NA,319377.1593
19,1920,SEATTLE,4,319619.221
20,1920,SEATTLE,4,319861.5534
21,1920,SEATTLE,2,320104.1481
22,1920,SEATTLE,4,320346.9962
23,1920,SEATTLE,3,320590.0891
24,1920,SEATTLE,NA,320833.418
25,1920,SEATTLE,4,321076.9742
26,1920,SEATTLE,10,321320.749
1,1921,SEATTLE,NA,321564.7337
2,1921,SEATTLE,6,321808.9196
3,1921,SEATTLE,6,322053.298
4,1921,SEATTLE,2,322297.8601
5,1921,SEATTLE,5,322542.5973
6,1921,SEATTLE,2,322787.5008
7,1921,SEATTLE,4,323032.5619
8,1921,SEATTLE,4,323277.7719
9,1921,SEATTLE,4,323523.1221
10,1921,SEATTLE,4,323768.6038
11,1921,SEATTLE,12,324014.2082
12,1921,SEATTLE,8,324259.9267
13,1921,SEATTLE,3,324505.7506
14,1921,SEATTLE,2,324751.6711
15,1921,SEATTLE,12,324997.6795
16,1921,SEATTLE,8,325243.7671
17,1921,SEATTLE,12,325489.9252
18,1921,SEATTLE,2,325736.145
19,1921,SEATTLE,2,325982.418
20,1921,SEATTLE,2,326228.7352
21,1921,SEATTLE,2,326475.0882
22,1921,SEATTLE,2,326721.468
23,1921,SEATTLE,3,326967.8661
24,1921,SEATTLE,6,327214.2736
25,1921,SEATTLE,6,327460.682
26,1921,SEATTLE,2,327707.0824
1,1922,SEATTLE,4,327953.4662
2,1922,SEATTLE,5,328199.8246
3,1922,SEATTLE,3,328446.149
4,1922,SEATTLE,2,328692.4306
5,1922,SEATTLE,2,328938.6607
6,1922,SEATTLE,2,329184.8306
7,1922,SEATTLE,NA,329430.9316
8,1922,SEATTLE,8,329676.9549
9,1922,SEATTLE,NA,329922.892
10,1922,SEATTLE,4,330168.7339
11,1922,SEATTLE,2,330414.4721
12,1922,SEATTLE,2,330660.0979
13,1922,SEATTLE,3,330905.6024
14,1922,SEATTLE,2,331150.977
15,1922,SEATTLE,NA,331396.213
16,1922,SEATTLE,NA,331641.3017
17,1922,SEATTLE,4,331886.2344
18,1922,SEATTLE,3,332131.0023
19,1922,SEATTLE,NA,332375.5967
20,1922,SEATTLE,4,332620.0089
21,1922,SEATTLE,4,332864.2303
22,1922,SEATTLE,4,333108.252
23,1922,SEATTLE,4,333352.0655
24,1922,SEATTLE,4,333595.6618
25,1922,SEATTLE,4,333839.0325
26,1922,SEATTLE,6,334082.1687
1,1923,SEATTLE,7,334325.0617
2,1923,SEATTLE,4,334567.7028
3,1923,SEATTLE,3,334810.0834
4,1923,SEATTLE,8,335052.1946
5,1923,SEATTLE,6,335294.0278
6,1923,SEATTLE,2,335535.5743
7,1923,SEATTLE,16,335776.8254
8,1923,SEATTLE,20,336017.7722
9,1923,SEATTLE,37,336258.4062
10,1923,SEATTLE,53,336498.7187
11,1923,SEATTLE,66,336738.7008
12,1923,SEATTLE,98,336978.3439
13,1923,SEATTLE,64,337217.6393
14,1923,SEATTLE,76,337456.5782
15,1923,SEATTLE,23,337695.152
16,1923,SEATTLE,4,337933.352
17,1923,SEATTLE,6,338171.1693
18,1923,SEATTLE,4,338408.5954
19,1923,SEATTLE,6,338645.6215
20,1923,SEATTLE,4,338882.2389
21,1923,SEATTLE,18,339118.4388
22,1923,SEATTLE,52,339354.2126
23,1923,SEATTLE,62,339589.5516
24,1923,SEATTLE,177,339824.447
25,1923,SEATTLE,315,340058.8901
26,1923,SEATTLE,632,340292.8722
1,1924,SEATTLE,1973,340526.3846
2,1924,SEATTLE,2555,340759.4187
3,1924,SEATTLE,1878,340991.9655
4,1924,SEATTLE,1094,341224.0166
5,1924,SEATTLE,522,341455.5631
6,1924,SEATTLE,110,341686.5963
7,1924,SEATTLE,76,341917.1075
8,1924,SEATTLE,NA,342147.0881
9,1924,SEATTLE,28,342376.5292
10,1924,SEATTLE,20,342605.4223
11,1924,SEATTLE,7,342833.7585
12,1924,SEATTLE,8,343061.5291
13,1924,SEATTLE,5,343288.7255
14,1924,SEATTLE,4,343515.339
15,1924,SEATTLE,2,343741.3607
16,1924,SEATTLE,4,343966.7821
17,1924,SEATTLE,0,344191.5944
18,1924,SEATTLE,0,344415.7888
19,1924,SEATTLE,0,344639.3567
20,1924,SEATTLE,6,344862.2894
21,1924,SEATTLE,6,345084.5781
22,1924,SEATTLE,3,345306.2141
23,1924,SEATTLE,4,345527.1888
24,1924,SEATTLE,5,345747.4933
25,1924,SEATTLE,8,345967.1191
26,1924,SEATTLE,1,346186.0573
1,1925,SEATTLE,11,346404.2993
2,1925,SEATTLE,2,346621.8364
3,1925,SEATTLE,10,346838.6597
4,1925,SEATTLE,9,347054.7608
5,1925,SEATTLE,9,347270.1307
6,1925,SEATTLE,6,347484.7608
7,1925,SEATTLE,13,347698.6424
8,1925,SEATTLE,2,347911.7668
9,1925,SEATTLE,1,348124.1253
10,1925,SEATTLE,3,348335.7091
11,1925,SEATTLE,7,348546.5096
12,1925,SEATTLE,3,348756.518
13,1925,SEATTLE,0,348965.7255
14,1925,SEATTLE,1,349174.1236
15,1925,SEATTLE,3,349381.7035
16,1925,SEATTLE,1,349588.4565
17,1925,SEATTLE,0,349794.3738
18,1925,SEATTLE,1,349999.4468
19,1925,SEATTLE,1,350203.6667
20,1925,SEATTLE,1,350407.0248
21,1925,SEATTLE,1,350609.5124
22,1925,SEATTLE,1,350811.1208
23,1925,SEATTLE,4,351011.8414
24,1925,SEATTLE,7,351211.6652
25,1925,SEATTLE,13,351410.5838
26,1925,SEATTLE,9,351608.5883
1,1926,SEATTLE,11,351805.67
2,1926,SEATTLE,13,352001.8203
3,1926,SEATTLE,18,352197.0303
4,1926,SEATTLE,20,352391.2915
5,1926,SEATTLE,48,352584.595
6,1926,SEATTLE,86,352776.9322
7,1926,SEATTLE,91,352968.2944
8,1926,SEATTLE,75,353158.6728
9,1926,SEATTLE,108,353348.0588
10,1926,SEATTLE,95,353536.4435
11,1926,SEATTLE,75,353723.8184
12,1926,SEATTLE,82,353910.1747
13,1926,SEATTLE,69,354095.5036
14,1926,SEATTLE,25,354279.7965
15,1926,SEATTLE,14,354463.0447
16,1926,SEATTLE,17,354645.2394
17,1926,SEATTLE,5,354826.3719
18,1926,SEATTLE,2,355006.4336
19,1926,SEATTLE,7,355185.4156
20,1926,SEATTLE,2,355363.3094
21,1926,SEATTLE,4,355540.1061
22,1926,SEATTLE,6,355715.7971
23,1926,SEATTLE,2,355890.3737
24,1926,SEATTLE,16,356063.827
25,1926,SEATTLE,19,356236.1486
26,1926,SEATTLE,4,356407.3295
1,1927,SEATTLE,16,356577.3611
2,1927,SEATTLE,26,356746.2348
3,1927,SEATTLE,42,356913.9416
4,1927,SEATTLE,41,357080.4731
5,1927,SEATTLE,47,357245.8204
6,1927,SEATTLE,86,357409.9749
7,1927,SEATTLE,110,357572.9278
8,1927,SEATTLE,140,357734.6703
9,1927,SEATTLE,158,357895.1939
10,1927,SEATTLE,224,358054.4898
11,1927,SEATTLE,345,358212.5493
12,1927,SEATTLE,441,358369.3636
13,1927,SEATTLE,444,358524.924
14,1927,SEATTLE,274,358679.2219
15,1927,SEATTLE,144,358832.2485
16,1927,SEATTLE,46,358983.9952
17,1927,SEATTLE,21,359134.4531
18,1927,SEATTLE,6,359283.6136
19,1927,SEATTLE,8,359431.468
20,1927,SEATTLE,13,359578.0075
21,1927,SEATTLE,15,359723.2235
22,1927,SEATTLE,32,359867.1073
23,1927,SEATTLE,106,360009.65
24,1927,SEATTLE,127,360150.8431
25,1927,SEATTLE,142,360290.6777
26,1927,SEATTLE,178,360429.1452
1,1928,SEATTLE,293,360566.2369
2,1928,SEATTLE,300,360701.9441
3,1928,SEATTLE,385,360836.258
4,1928,SEATTLE,374,360969.1699
5,1928,SEATTLE,470,361100.6712
6,1928,SEATTLE,408,361230.7531
7,1928,SEATTLE,240,361359.4068
8,1928,SEATTLE,215,361486.6237
9,1928,SEATTLE,140,361612.3951
10,1928,SEATTLE,105,361736.7123
11,1928,SEATTLE,72,361859.5665
12,1928,SEATTLE,22,361980.949
13,1928,SEATTLE,36,362100.8512
14,1928,SEATTLE,4,362219.2642
15,1928,SEATTLE,4,362336.1795
16,1928,SEATTLE,2,362451.5882
17,1928,SEATTLE,1,362565.4817
18,1928,SEATTLE,0,362677.8512
19,1928,SEATTLE,2,362788.6881
20,1928,SEATTLE,2,362897.9836
21,1928,SEATTLE,1,363005.729
22,1928,SEATTLE,1,363111.9156
23,1928,SEATTLE,1,363216.5347
24,1928,SEATTLE,1,363319.5776
25,1928,SEATTLE,2,363421.0356
26,1928,SEATTLE,0,363520.8999
1,1929,SEATTLE,3,363619.1618
2,1929,SEATTLE,2,363715.8127
3,1929,SEATTLE,1,363810.8437
4,1929,SEATTLE,5,363904.2463
5,1929,SEATTLE,10,363996.0117
6,1929,SEATTLE,7,364086.1311
7,1929,SEATTLE,2,364174.5959
8,1929,SEATTLE,3,364261.3973
9,1929,SEATTLE,4,364346.5267
10,1929,SEATTLE,9,364429.9753
11,1929,SEATTLE,17,364511.7344
12,1929,SEATTLE,31,364591.7953
13,1929,SEATTLE,25,364670.1493
14,1929,SEATTLE,14,364746.7877
15,1929,SEATTLE,29,364821.7017
16,1929,SEATTLE,9,364894.8827
17,1929,SEATTLE,9,364966.3219
18,1929,SEATTLE,5,365036.0106
19,1929,SEATTLE,1,365103.9402
20,1929,SEATTLE,1,365170.1018
21,1929,SEATTLE,2,365234.4868
22,1929,SEATTLE,1,365297.0865
23,1929,SEATTLE,2,365357.8921
24,1929,SEATTLE,0,365416.895
25,1929,SEATTLE,4,365474.0864
26,1929,SEATTLE,1,365529.4577
1,1930,SEATTLE,5,365583
2,1930,SEATTLE,8,365634.7091
3,1930,SEATTLE,13,365684.598
4,1930,SEATTLE,118,365732.6843
5,1930,SEATTLE,190,365778.9853
6,1930,SEATTLE,256,365823.5186
7,1930,SEATTLE,429,365866.3016
8,1930,SEATTLE,518,365907.3517
9,1930,SEATTLE,532,365946.6864
10,1930,SEATTLE,517,365984.3233
11,1930,SEATTLE,630,366020.2796
12,1930,SEATTLE,488,366054.573
13,1930,SEATTLE,265,366087.2208
14,1930,SEATTLE,133,366118.2405
15,1930,SEATTLE,61,366147.6496
16,1930,SEATTLE,16,366175.4656
17,1930,SEATTLE,21,366201.7058
18,1930,SEATTLE,3,366226.3878
19,1930,SEATTLE,5,366249.529
20,1930,SEATTLE,3,366271.147
21,1930,SEATTLE,1,366291.259
22,1930,SEATTLE,5,366309.8827
23,1930,SEATTLE,0,366327.0354
24,1930,SEATTLE,0,366342.7346
25,1930,SEATTLE,1,366356.9979
26,1930,SEATTLE,1,366369.8426
1,1931,SEATTLE,3,366381.2861
2,1931,SEATTLE,2,366391.3461
3,1931,SEATTLE,4,366400.0399
4,1931,SEATTLE,3,366407.3849
5,1931,SEATTLE,5,366413.3987
6,1931,SEATTLE,10,366418.0987
7,1931,SEATTLE,6,366421.5024
8,1931,SEATTLE,11,366423.6272
9,1931,SEATTLE,19,366424.4906
10,1931,SEATTLE,32,366424.1101
11,1931,SEATTLE,17,366422.5031
12,1931,SEATTLE,14,366419.687
13,1931,SEATTLE,19,366415.6794
14,1931,SEATTLE,14,366410.4976
15,1931,SEATTLE,4,366404.1592
16,1931,SEATTLE,7,366396.6817
17,1931,SEATTLE,2,366388.0823
18,1931,SEATTLE,4,366378.3788
19,1931,SEATTLE,3,366367.5884
20,1931,SEATTLE,11,366355.7287
21,1931,SEATTLE,16,366342.8171
22,1931,SEATTLE,54,366328.8711
23,1931,SEATTLE,50,366313.9081
24,1931,SEATTLE,57,366297.9456
25,1931,SEATTLE,146,366281.001
26,1931,SEATTLE,265,366263.0919
1,1932,SEATTLE,465,366244.2357
2,1932,SEATTLE,548,366224.4498
3,1932,SEATTLE,731,366203.7517
4,1932,SEATTLE,780,366182.1588
5,1932,SEATTLE,829,366159.6887
6,1932,SEATTLE,966,366136.3588
7,1932,SEATTLE,728,366112.1865
8,1932,SEATTLE,408,366087.1893
9,1932,SEATTLE,263,366061.3846
10,1932,SEATTLE,130,366034.79
11,1932,SEATTLE,98,366007.4229
12,1932,SEATTLE,59,365979.3007
13,1932,SEATTLE,17,365950.4409
14,1932,SEATTLE,9,365920.861
15,1932,SEATTLE,2,365890.5784
16,1932,SEATTLE,2,365859.6106
17,1932,SEATTLE,0,365827.975
18,1932,SEATTLE,0,365795.6892
19,1932,SEATTLE,2,365762.7705
20,1932,SEATTLE,1,365729.2365
21,1932,SEATTLE,0,365695.1045
22,1932,SEATTLE,0,365660.3921
23,1932,SEATTLE,0,365625.1167
24,1932,SEATTLE,0,365589.2957
25,1932,SEATTLE,1,365552.9467
26,1932,SEATTLE,0,365516.0871
1,1933,SEATTLE,0,365478.7343
2,1933,SEATTLE,1,365440.9059
3,1933,SEATTLE,0,365402.6192
4,1933,SEATTLE,4,365363.8917
5,1933,SEATTLE,2,365324.741
6,1933,SEATTLE,8,365285.1844
7,1933,SEATTLE,17,365245.2394
8,1933,SEATTLE,22,365204.9235
9,1933,SEATTLE,13,365164.2541
10,1933,SEATTLE,13,365123.2487
11,1933,SEATTLE,3,365081.9248
12,1933,SEATTLE,3,365040.2998
13,1933,SEATTLE,5,364998.3911
14,1933,SEATTLE,3,364956.2163
15,1933,SEATTLE,1,364913.7929
16,1933,SEATTLE,1,364871.1381
17,1933,SEATTLE,3,364828.2696
18,1933,SEATTLE,1,364785.2048
19,1933,SEATTLE,1,364741.9611
20,1933,SEATTLE,1,364698.556
21,1933,SEATTLE,0,364655.0069
22,1933,SEATTLE,1,364611.3314
23,1933,SEATTLE,2,364567.5469
24,1933,SEATTLE,2,364523.6708
25,1933,SEATTLE,0,364479.7206
26,1933,SEATTLE,2,364435.7138
1,1934,SEATTLE,10,364391.6678
2,1934,SEATTLE,4,364347.6001
3,1934,SEATTLE,2,364303.5281
4,1934,SEATTLE,6,364259.4694
5,1934,SEATTLE,3,364215.4413
6,1934,SEATTLE,3,364171.4613
7,1934,SEATTLE,4,364127.5469
8,1934,SEATTLE,10,364083.7156
9,1934,SEATTLE,10,364039.9848
10,1934,SEATTLE,18,363996.3719
11,1934,SEATTLE,32,363952.8945
12,1934,SEATTLE,62,363909.5699
13,1934,SEATTLE,49,363866.4158
14,1934,SEATTLE,22,363823.4494
15,1934,SEATTLE,11,363780.6883
16,1934,SEATTLE,4,363738.1499
17,1934,SEATTLE,1,363695.8517
18,1934,SEATTLE,3,363653.8112
19,1934,SEATTLE,3,363612.0458
20,1934,SEATTLE,3,363570.573
21,1934,SEATTLE,3,363529.4101
22,1934,SEATTLE,0,363488.5748
23,1934,SEATTLE,0,363448.0845
24,1934,SEATTLE,3,363407.9565
25,1934,SEATTLE,2,363368.2085
26,1934,SEATTLE,0,363328.8578
1,1935,SEATTLE,2,363289.9218
2,1935,SEATTLE,136,363251.4182
3,1935,SEATTLE,40,363213.3642
4,1935,SEATTLE,66,363175.7774
5,1935,SEATTLE,92,363138.6753
6,1935,SEATTLE,81,363102.0753
7,1935,SEATTLE,210,363065.9948
8,1935,SEATTLE,273,363030.4513
9,1935,SEATTLE,484,362995.4623
10,1935,SEATTLE,443,362961.0453
11,1935,SEATTLE,434,362927.2177
12,1935,SEATTLE,449,362893.9969
13,1935,SEATTLE,344,362861.4005
14,1935,SEATTLE,133,362829.4458
15,1935,SEATTLE,65,362798.1504
16,1935,SEATTLE,12,362767.5317
17,1935,SEATTLE,8,362737.6072
18,1935,SEATTLE,4,362708.3942
19,1935,SEATTLE,1,362679.9104
20,1935,SEATTLE,1,362652.1731
21,1935,SEATTLE,3,362625.1998
22,1935,SEATTLE,3,362599.008
23,1935,SEATTLE,3,362573.6151
24,1935,SEATTLE,7,362549.0386
25,1935,SEATTLE,10,362525.296
26,1935,SEATTLE,20,362502.4047
1,1936,SEATTLE,36,362480.3821
2,1936,SEATTLE,45,362459.2458
3,1936,SEATTLE,53,362439.0131
4,1936,SEATTLE,100,362419.7016
5,1936,SEATTLE,168,362401.3287
6,1936,SEATTLE,212,362383.9119
7,1936,SEATTLE,337,362367.4687
8,1936,SEATTLE,414,362352.0164
9,1936,SEATTLE,402,362337.5726
10,1936,SEATTLE,416,362324.1547
11,1936,SEATTLE,403,362311.7801
12,1936,SEATTLE,300,362300.4664
13,1936,SEATTLE,150,362290.231
14,1936,SEATTLE,96,362281.0914
15,1936,SEATTLE,37,362273.0649
16,1936,SEATTLE,19,362266.1692
17,1936,SEATTLE,0,362260.4216
18,1936,SEATTLE,2,362255.8396
19,1936,SEATTLE,6,362252.4406
20,1936,SEATTLE,3,362250.2422
21,1936,SEATTLE,6,362249.2617
22,1936,SEATTLE,6,362249.5167
23,1936,SEATTLE,8,362251.0246
24,1936,SEATTLE,6,362253.8028
25,1936,SEATTLE,6,362257.8689
26,1936,SEATTLE,7,362263.2402
1,1937,SEATTLE,20,362269.9343
2,1937,SEATTLE,21,362277.9686
3,1937,SEATTLE,7,362287.3606
4,1937,SEATTLE,11,362298.1277
5,1937,SEATTLE,12,362310.2874
6,1937,SEATTLE,19,362323.8571
7,1937,SEATTLE,12,362338.8543
8,1937,SEATTLE,4,362355.2965
9,1937,SEATTLE,6,362373.2011
10,1937,SEATTLE,5,362392.5856
11,1937,SEATTLE,15,362413.4675
12,1937,SEATTLE,25,362435.8641
13,1937,SEATTLE,39,362459.7931
14,1937,SEATTLE,23,362485.2717
15,1937,SEATTLE,10,362512.3176
16,1937,SEATTLE,4,362540.9481
17,1937,SEATTLE,8,362571.1807
18,1937,SEATTLE,3,362603.0329
19,1937,SEATTLE,4,362636.5221
20,1937,SEATTLE,4,362671.6658
21,1937,SEATTLE,2,362708.4815
22,1937,SEATTLE,2,362746.9866
23,1937,SEATTLE,2,362787.1985
24,1937,SEATTLE,1,362829.1348
25,1937,SEATTLE,1,362872.8129
26,1937,SEATTLE,1,362918.2502
1,1938,SEATTLE,3,362965.4643
2,1938,SEATTLE,4,363014.4725
3,1938,SEATTLE,4,363065.2924
4,1938,SEATTLE,2,363117.9413
5,1938,SEATTLE,4,363172.4368
6,1938,SEATTLE,3,363228.7964
7,1938,SEATTLE,0,363287.0374
8,1938,SEATTLE,6,363347.1774
9,1938,SEATTLE,1,363409.2337
10,1938,SEATTLE,4,363473.2239
11,1938,SEATTLE,4,363539.1655
12,1938,SEATTLE,8,363607.0758
13,1938,SEATTLE,12,363676.9724
14,1938,SEATTLE,6,363748.8726
15,1938,SEATTLE,10,363822.7941
16,1938,SEATTLE,6,363898.7541
17,1938,SEATTLE,0,363976.7703
18,1938,SEATTLE,0,364056.8599
19,1938,SEATTLE,2,364139.0406
20,1938,SEATTLE,0,364223.3298
21,1938,SEATTLE,3,364309.7449
22,1938,SEATTLE,0,364398.3033
23,1938,SEATTLE,0,364489.0226
24,1938,SEATTLE,1,364581.9203
25,1938,SEATTLE,1,364677.0137
26,1938,SEATTLE,1,364774.3203
1,1939,SEATTLE,6,364873.8576
2,1939,SEATTLE,14,364975.643
3,1939,SEATTLE,52,365079.6941
4,1939,SEATTLE,80,365186.0282
5,1939,SEATTLE,154,365294.6629
6,1939,SEATTLE,202,365405.6156
7,1939,SEATTLE,276,365518.9037
8,1939,SEATTLE,458,365634.5447
9,1939,SEATTLE,523,365752.5561
10,1939,SEATTLE,901,365872.9553
11,1939,SEATTLE,1028,365995.7599
12,1939,SEATTLE,838,366120.9871
13,1939,SEATTLE,600,366248.6546
14,1939,SEATTLE,383,366378.7798
15,1939,SEATTLE,185,366511.3801
16,1939,SEATTLE,55,366646.473
17,1939,SEATTLE,16,366784.076
18,1939,SEATTLE,7,366924.2064
19,1939,SEATTLE,11,367066.8819
20,1939,SEATTLE,13,367212.1198
21,1939,SEATTLE,14,367359.9376
22,1939,SEATTLE,15,367510.3527
23,1939,SEATTLE,23,367663.3827
24,1939,SEATTLE,19,367819.045
25,1939,SEATTLE,32,367977.3569
26,1939,SEATTLE,44,368138.3361
1,1940,SEATTLE,68,368302
2,1940,SEATTLE,224,368468.3611
3,1940,SEATTLE,255,368637.4124
4,1940,SEATTLE,265,368809.1419
5,1940,SEATTLE,547,368983.5378
6,1940,SEATTLE,794,369160.588
7,1940,SEATTLE,773,369340.2808
8,1940,SEATTLE,724,369522.6041
9,1940,SEATTLE,638,369707.546
10,1940,SEATTLE,516,369895.0946
11,1940,SEATTLE,297,370085.2379
12,1940,SEATTLE,167,370277.9641
13,1940,SEATTLE,79,370473.2612
14,1940,SEATTLE,33,370671.1172
15,1940,SEATTLE,11,370871.5203
16,1940,SEATTLE,1,371074.4585
17,1940,SEATTLE,2,371279.9199
18,1940,SEATTLE,2,371487.8925
19,1940,SEATTLE,1,371698.3644
20,1940,SEATTLE,1,371911.3237
21,1940,SEATTLE,2,372126.7585
22,1940,SEATTLE,3,372344.6568
23,1940,SEATTLE,1,372565.0067
24,1940,SEATTLE,2,372787.7963
25,1940,SEATTLE,5,373013.0136
26,1940,SEATTLE,2,373240.6467
1,1941,SEATTLE,2,373470.6838
2,1941,SEATTLE,14,373703.1127
3,1941,SEATTLE,12,373937.9217
4,1941,SEATTLE,11,374175.0988
5,1941,SEATTLE,6,374414.632
6,1941,SEATTLE,3,374656.5095
7,1941,SEATTLE,0,374900.7193
8,1941,SEATTLE,0,375147.2495
9,1941,SEATTLE,5,375396.0881
10,1941,SEATTLE,0,375647.2232
11,1941,SEATTLE,0,375900.6429
12,1941,SEATTLE,0,376156.3352
13,1941,SEATTLE,2,376414.2883
14,1941,SEATTLE,0,376674.4902
15,1941,SEATTLE,1,376936.9289
16,1941,SEATTLE,1,377201.5926
17,1941,SEATTLE,0,377468.4693
18,1941,SEATTLE,0,377737.5471
19,1941,SEATTLE,0,378008.814
20,1941,SEATTLE,2,378282.2582
21,1941,SEATTLE,1,378557.8676
22,1941,SEATTLE,0,378835.6304
23,1941,SEATTLE,0,379115.5346
24,1941,SEATTLE,1,379397.5683
25,1941,SEATTLE,1,379681.7196
26,1941,SEATTLE,0,379967.9765
1,1942,SEATTLE,1,380256.3272
2,1942,SEATTLE,1,380546.7596
3,1942,SEATTLE,2,380839.2619
4,1942,SEATTLE,1,381133.822
5,1942,SEATTLE,11,381430.4282
6,1942,SEATTLE,19,381729.0685
7,1942,SEATTLE,56,382029.7309
8,1942,SEATTLE,114,382332.4035
9,1942,SEATTLE,182,382637.0743
10,1942,SEATTLE,336,382943.7315
11,1942,SEATTLE,518,383252.3632
12,1942,SEATTLE,649,383562.9573
13,1942,SEATTLE,470,383875.5019
14,1942,SEATTLE,224,384189.9852
15,1942,SEATTLE,97,384506.3952
16,1942,SEATTLE,35,384824.72
17,1942,SEATTLE,14,385144.9476
18,1942,SEATTLE,5,385467.0661
19,1942,SEATTLE,7,385791.0635
20,1942,SEATTLE,3,386116.9281
21,1942,SEATTLE,4,386444.6477
22,1942,SEATTLE,13,386774.2105
23,1942,SEATTLE,18,387105.6046
24,1942,SEATTLE,18,387438.8181
25,1942,SEATTLE,32,387773.8389
26,1942,SEATTLE,60,388110.6552
1,1943,SEATTLE,75,388449.255
2,1943,SEATTLE,84,388789.6265
3,1943,SEATTLE,118,389131.7576
4,1943,SEATTLE,136,389475.6365
5,1943,SEATTLE,193,389821.2512
6,1943,SEATTLE,224,390168.5898
7,1943,SEATTLE,268,390517.6403
8,1943,SEATTLE,384,390868.3909
9,1943,SEATTLE,325,391220.8296
10,1943,SEATTLE,284,391574.9445
11,1943,SEATTLE,215,391930.7236
12,1943,SEATTLE,221,392288.155
13,1943,SEATTLE,161,392647.2269
14,1943,SEATTLE,89,393007.9271
15,1943,SEATTLE,17,393370.2439
16,1943,SEATTLE,14,393734.1653
17,1943,SEATTLE,25,394099.6794
18,1943,SEATTLE,6,394466.7742
19,1943,SEATTLE,11,394835.4378
20,1943,SEATTLE,9,395205.6583
21,1943,SEATTLE,4,395577.4237
22,1943,SEATTLE,9,395950.7222
23,1943,SEATTLE,8,396325.5417
24,1943,SEATTLE,8,396701.8704
25,1943,SEATTLE,10,397079.6963
26,1943,SEATTLE,5,397459.0076
1,1944,SEATTLE,1,397839.7922
2,1944,SEATTLE,6,398222.0382
3,1944,SEATTLE,16,398605.7338
4,1944,SEATTLE,37,398990.8669
5,1944,SEATTLE,73,399377.4257
6,1944,SEATTLE,51,399765.3982
7,1944,SEATTLE,232,400154.7725
8,1944,SEATTLE,91,400545.5367
9,1944,SEATTLE,91,400937.6788
10,1944,SEATTLE,104,401331.1869
11,1944,SEATTLE,113,401726.049
12,1944,SEATTLE,103,402122.2534
13,1944,SEATTLE,72,402519.7879
14,1944,SEATTLE,23,402918.6407
15,1944,SEATTLE,19,403318.7999
16,1944,SEATTLE,9,403720.2535
17,1944,SEATTLE,2,404122.9896
18,1944,SEATTLE,5,404526.9963
19,1944,SEATTLE,6,404932.2616
20,1944,SEATTLE,3,405338.7736
21,1944,SEATTLE,5,405746.5204
22,1944,SEATTLE,10,406155.49
23,1944,SEATTLE,14,406565.6706
24,1944,SEATTLE,7,406977.0501
25,1944,SEATTLE,16,407389.6167
26,1944,SEATTLE,9,407803.3585
1,1945,SEATTLE,23,408218.2634
2,1945,SEATTLE,21,408634.3196
3,1945,SEATTLE,26,409051.5152
4,1945,SEATTLE,44,409469.8381
5,1945,SEATTLE,66,409889.2766
6,1945,SEATTLE,69,410309.8186
7,1945,SEATTLE,65,410731.4522
8,1945,SEATTLE,46,411154.1655
9,1945,SEATTLE,60,411577.9466
10,1945,SEATTLE,51,412002.7835
11,1945,SEATTLE,54,412428.6643
12,1945,SEATTLE,59,412855.5771
13,1945,SEATTLE,94,413283.5099
14,1945,SEATTLE,65,413712.4508
15,1945,SEATTLE,57,414142.388
16,1945,SEATTLE,45,414573.3093
17,1945,SEATTLE,17,415005.2031
18,1945,SEATTLE,11,415438.0572
19,1945,SEATTLE,33,415871.8597
20,1945,SEATTLE,41,416306.5988
21,1945,SEATTLE,21,416742.2626
22,1945,SEATTLE,80,417178.839
23,1945,SEATTLE,110,417616.3161
24,1945,SEATTLE,180,418054.6821
25,1945,SEATTLE,172,418493.9249
26,1945,SEATTLE,86,418934.0327
1,1946,SEATTLE,130,419374.9936
2,1946,SEATTLE,156,419816.7955
3,1946,SEATTLE,239,420259.4266
4,1946,SEATTLE,337,420702.875
5,1946,SEATTLE,522,421147.1287
6,1946,SEATTLE,410,421592.1757
7,1946,SEATTLE,296,422038.0042
8,1946,SEATTLE,177,422484.6022
9,1946,SEATTLE,149,422931.9578
10,1946,SEATTLE,108,423380.0591
11,1946,SEATTLE,78,423828.8941
12,1946,SEATTLE,70,424278.451
13,1946,SEATTLE,53,424728.7176
14,1946,SEATTLE,28,425179.6823
15,1946,SEATTLE,11,425631.3329
16,1946,SEATTLE,9,426083.6577
17,1946,SEATTLE,6,426536.6446
18,1946,SEATTLE,2,426990.2817
19,1946,SEATTLE,NA,427444.5571
20,1946,SEATTLE,2,427899.4589
21,1946,SEATTLE,4,428354.9751
22,1946,SEATTLE,4,428811.0938
23,1946,SEATTLE,2,429267.8031
24,1946,SEATTLE,8,429725.0911
25,1946,SEATTLE,6,430182.9457
26,1946,SEATTLE,8,430641.3552
1,1947,SEATTLE,5,431100.3075
2,1947,SEATTLE,9,431559.7908
3,1947,SEATTLE,9,432019.793
4,1947,SEATTLE,5,432480.3023
5,1947,SEATTLE,3,432941.3068
6,1947,SEATTLE,5,433402.7945
7,1947,SEATTLE,8,433864.7534
8,1947,SEATTLE,7,434327.1717
9,1947,SEATTLE,16,434790.0374
10,1947,SEATTLE,11,435253.3387
11,1947,SEATTLE,8,435717.0635
12,1947,SEATTLE,6,436181.1999
13,1947,SEATTLE,8,436645.736
14,1947,SEATTLE,4,437110.6599
15,1947,SEATTLE,6,437575.9596
16,1947,SEATTLE,4,438041.6233
17,1947,SEATTLE,2,438507.6389
18,1947,SEATTLE,5,438973.9946
19,1947,SEATTLE,10,439440.6784
20,1947,SEATTLE,5,439907.6785
21,1947,SEATTLE,4,440374.9827
22,1947,SEATTLE,8,440842.5794
23,1947,SEATTLE,3,441310.4564
24,1947,SEATTLE,4,441778.6019
25,1947,SEATTLE,6,442247.004
26,1947,SEATTLE,5,442715.6506
1,1948,SEATTLE,15,443184.53
2,1948,SEATTLE,5,443653.6301
3,1948,SEATTLE,20,444122.9391
4,1948,SEATTLE,15,444592.4449
5,1948,SEATTLE,26,445062.1358
6,1948,SEATTLE,40,445531.9996
7,1948,SEATTLE,87,446002.0246
8,1948,SEATTLE,135,446472.1988
9,1948,SEATTLE,405,446942.5102
10,1948,SEATTLE,491,447412.9469
11,1948,SEATTLE,516,447883.497
12,1948,SEATTLE,326,448354.1486
13,1948,SEATTLE,208,448824.8897
14,1948,SEATTLE,NA,449295.7085
15,1948,SEATTLE,NA,449766.5929
16,1948,SEATTLE,NA,450237.531
17,1948,SEATTLE,NA,450708.511
18,1948,SEATTLE,NA,451179.5208
19,1948,SEATTLE,NA,451650.5486
20,1948,SEATTLE,NA,452121.5825
21,1948,SEATTLE,NA,452592.6104
22,1948,SEATTLE,NA,453063.6205
23,1948,SEATTLE,NA,453534.6008
24,1948,SEATTLE,NA,454005.5394
25,1948,SEATTLE,NA,454476.4245
26,1948,SEATTLE,NA,454947.2439
